1,Abigail,jollyCory53@sbcglobal.net
2,Alexandra,calmMaggie86@hetnet.nl
3,Alison,Coreyglorious@yahoo.es
4,Amanda,mysteriousMarvin17@live.co.uk
5,Amelia,bloodyAshleigh33@arcor.de
6,Amy,Georgeeasy@yahoo.com.sg
7,Andrea,Priscillareal@yahoo.com.mx
8,Angela,Aaronenvious@yahoo.fr
9,Anna,Kellieexpensive@shaw.ca
10,Anne,Richardgrumpy@home.nl
11,Audrey,talentedPedro83@tiscali.co.uk
12,Ava,stupidCory98@sky.com
13,Bella,helpfulTabitha40@skynet.be
14,Bernadette,repulsiveDanielle56@live.com
15,Carol,vivaciousAmy@tiscali.co.uk
16,Caroline,cruelJames29@yahoo.com.mx
17,Carolyn,Bridgetbetter@live.fr
18,Chloe,clearMathew@sfr.fr
19,Claire,annoyingSusan70@laposte.net
20,Deirdre,Mallorydifferent@comcast.net
21,Diana,jitteryAdam@charter.net
22,Diane,thankfulHannah9@telenet.be
23,Donna,distinctMarc@arcor.de
24,Dorothy,defeatedBridget85@yahoo.co.id
25,Elizabeth,mysteriousMarco@hotmail.co.uk
26,Ella,fragileRonald@hotmail.it
27,Emily,concernedJulie15@tiscali.co.uk
28,Emma,distinctJared@ntlworld.com
29,Faith,grumpyNancy@home.nl
30,Felicity,Ricardoangry@frontiernet.net
31,Fiona,frailWayne@arcor.de
32,Gabrielle,plainTonya15@hotmail.de
33,Grace,zanyJulian@live.ca
34,Hannah,sparklingMelanie@aol.com
35,Heather,determinedErik@aim.com
36,Irene,vastCole18@laposte.net
37,Jan,Sabrinapleasant@yahoo.fr
38,Jane,Carlywandering@hotmail.es
39,Jasmine,illBrandi@arcor.de
40,Jennifer,Philipbewildered@skynet.be
41,Jessica,clumsyPamela@yahoo.com
42,Joan,Andrewadventurous@live.com.au
43,Joanne,defiantKristine42@hotmail.fr
44,Julia,blueGeoffrey@yahoo.com.au
45,Karen,Danetroubled@bellsouth.net
46,Katherine,colorfulAlbert7@yahoo.co.uk
47,Kimberly,Georgehandsome@yahoo.it
48,Kylie,outstandingMiguel75@yahoo.com.sg
49,Lauren,Tiffanyugly@skynet.be
50,Leah,Desireecooperative@rocketmail.com